{
  "Index Post-1" : {
    "transaction" : "Index Post-1",
    "sampleCount" : 500,
    "errorCount" : 0,
    "errorPct" : 0.0,
    "meanResTime" : 2563.272000000003,
    "medianResTime" : 2707.5,
    "minResTime" : 541.0,
    "maxResTime" : 2980.0,
    "pct1ResTime" : 2769.0,
    "pct2ResTime" : 2775.95,
    "pct3ResTime" : 2856.0,
    "throughput" : 67.25854183481302,
    "receivedKBytesPerSec" : 278.0700634332123,
    "sentKBytesPerSec" : 9.983689803605058
  },
  "Index Post-0" : {
    "transaction" : "Index Post-0",
    "sampleCount" : 500,
    "errorCount" : 0,
    "errorPct" : 0.0,
    "meanResTime" : 134.42399999999995,
    "medianResTime" : 134.0,
    "minResTime" : 132.0,
    "maxResTime" : 140.0,
    "pct1ResTime" : 135.0,
    "pct2ResTime" : 136.0,
    "pct3ResTime" : 137.99,
    "throughput" : 71.44898542440697,
    "receivedKBytesPerSec" : 13.396684767076307,
    "sentKBytesPerSec" : 19.25773435267219
  },
  "Total" : {
    "transaction" : "Total",
    "sampleCount" : 11000,
    "errorCount" : 292,
    "errorPct" : 2.6545455,
    "meanResTime" : 3855.2850909090926,
    "medianResTime" : 2771.0,
    "minResTime" : 131.0,
    "maxResTime" : 39974.0,
    "pct1ResTime" : 9410.399999999998,
    "pct2ResTime" : 12292.699999999993,
    "pct3ResTime" : 31221.829999999994,
    "throughput" : 15.731657959432345,
    "receivedKBytesPerSec" : 19.329676959342247,
    "sentKBytesPerSec" : 1.492999144054792
  },
  "VM Running" : {
    "transaction" : "VM Running",
    "sampleCount" : 6500,
    "errorCount" : 292,
    "errorPct" : 4.4923077,
    "meanResTime" : 5223.151230769214,
    "medianResTime" : 3634.5,
    "minResTime" : 132.0,
    "maxResTime" : 39974.0,
    "pct1ResTime" : 10953.500000000004,
    "pct2ResTime" : 16589.699999999997,
    "pct3ResTime" : 32733.649999999994,
    "throughput" : 9.295979703300931,
    "receivedKBytesPerSec" : 1.6258132194551984,
    "sentKBytesPerSec" : 0.0
  },
  "Index-0" : {
    "transaction" : "Index-0",
    "sampleCount" : 500,
    "errorCount" : 0,
    "errorPct" : 0.0,
    "meanResTime" : 134.37799999999984,
    "medianResTime" : 134.0,
    "minResTime" : 131.0,
    "maxResTime" : 177.0,
    "pct1ResTime" : 136.0,
    "pct2ResTime" : 136.0,
    "pct3ResTime" : 139.99,
    "throughput" : 83.33333333333333,
    "receivedKBytesPerSec" : 13.590494791666666,
    "sentKBytesPerSec" : 11.881510416666666
  },
  "Index" : {
    "transaction" : "Index",
    "sampleCount" : 500,
    "errorCount" : 0,
    "errorPct" : 0.0,
    "meanResTime" : 2735.241999999998,
    "medianResTime" : 2826.5,
    "minResTime" : 1527.0,
    "maxResTime" : 2904.0,
    "pct1ResTime" : 2887.0,
    "pct2ResTime" : 2894.95,
    "pct3ResTime" : 2901.0,
    "throughput" : 59.57345406886691,
    "receivedKBytesPerSec" : 224.1040478300369,
    "sentKBytesPerSec" : 16.98774276182533
  },
  "Index-1" : {
    "transaction" : "Index-1",
    "sampleCount" : 500,
    "errorCount" : 0,
    "errorPct" : 0.0,
    "meanResTime" : 2600.8320000000026,
    "medianResTime" : 2692.0,
    "minResTime" : 1365.0,
    "maxResTime" : 2770.0,
    "pct1ResTime" : 2754.0,
    "pct2ResTime" : 2760.95,
    "pct3ResTime" : 2767.0,
    "throughput" : 60.76072426783327,
    "receivedKBytesPerSec" : 218.6611137061004,
    "sentKBytesPerSec" : 8.663150139749666
  },
  "Login" : {
    "transaction" : "Login",
    "sampleCount" : 500,
    "errorCount" : 0,
    "errorPct" : 0.0,
    "meanResTime" : 3024.9259999999967,
    "medianResTime" : 3089.0,
    "minResTime" : 811.0,
    "maxResTime" : 6313.0,
    "pct1ResTime" : 4267.0,
    "pct2ResTime" : 4341.7,
    "pct3ResTime" : 6288.97,
    "throughput" : 68.91798759476224,
    "receivedKBytesPerSec" : 296.02779333218473,
    "sentKBytesPerSec" : 23.488650068917988
  },
  "Login-0" : {
    "transaction" : "Login-0",
    "sampleCount" : 500,
    "errorCount" : 0,
    "errorPct" : 0.0,
    "meanResTime" : 554.2659999999998,
    "medianResTime" : 286.5,
    "minResTime" : 265.0,
    "maxResTime" : 3285.0,
    "pct1ResTime" : 1282.0,
    "pct2ResTime" : 1289.0,
    "pct3ResTime" : 3272.99,
    "throughput" : 118.34319526627219,
    "receivedKBytesPerSec" : 19.993528106508876,
    "sentKBytesPerSec" : 22.76719674556213
  },
  "Index Post" : {
    "transaction" : "Index Post",
    "sampleCount" : 500,
    "errorCount" : 0,
    "errorPct" : 0.0,
    "meanResTime" : 2697.712,
    "medianResTime" : 2841.5,
    "minResTime" : 675.0,
    "maxResTime" : 3113.0,
    "pct1ResTime" : 2903.0,
    "pct2ResTime" : 2909.95,
    "pct3ResTime" : 2989.99,
    "throughput" : 66.05019815059445,
    "receivedKBytesPerSec" : 285.45876506770145,
    "sentKBytesPerSec" : 27.606918758256274
  },
  "Login-1" : {
    "transaction" : "Login-1",
    "sampleCount" : 500,
    "errorCount" : 0,
    "errorPct" : 0.0,
    "meanResTime" : 2470.2540000000004,
    "medianResTime" : 2577.5,
    "minResTime" : 544.0,
    "maxResTime" : 4338.0,
    "pct1ResTime" : 3761.9,
    "pct2ResTime" : 3964.6,
    "pct3ResTime" : 4279.92,
    "throughput" : 72.02535292422934,
    "receivedKBytesPerSec" : 297.20671051210024,
    "sentKBytesPerSec" : 10.69126332469029
  }
}